sentence,label
"Let's clench our fists together and get excited for the possibilities of the future!",excite
"This is our moment together, let's join hands to face the challenges!",excite
"Now is the time to show our determination, let's march forward!",excite
"Our strength comes from unity, let's work together as one to overcome all difficulties!",excite
"Join me, raise your hands and move forward, in pursuit of a more excellent future!",excite
"Let's embrace this passion and let it drive us forward!",excite
"Our goal is in sight, now is the time to unleash our greatest potential!",excite
"Let's soar together and transcend the limits before us!",excite
"Don't let anything hold back your passion, step bravely into the unknown!",excite
"Let our efforts become the spark of inspiration that lights the way forward!",excite
"Our determination will change the status quo and inspire more possibilities!",excite
"Let our passion be the driving force that pushes us to new heights!",excite
"Let's seize this opportunity and show our determination and perseverance!",excite
"Now is the time to initiate change, let's strive together!",excite
"Don't stop, charge forward, and march towards success!",excite
"Let's ignite the flames of passion and light up the heart of every one of us!",excite
"We will climb over difficulties together and scale the highest peaks!",excite
"Courage and determination are our compass forward, let's follow it together!",excite
"Don't let any challenge make us retreat; we will face and conquer them bravely!",excite
"Let our passion surge like a flood, overwhelming all difficulties!",excite
"Today we stand at the starting line, tomorrow we will step onto the summit of victory!",excite
"Let's fly on the wings of hope, soaring beyond all imagination!",excite
"Every step is a testament to our march towards victory, let's move forward with resolve!",excite
"Led by passion, we will usher in a new era!",excite
"Our goal is clear, our determination is firm, let's achieve it together!",excite
"Let our actions be a testament to courage and resilience, inspiring more possibilities!",excite
"Don't stop running; even if the road is rough, we must remain steadfast!",excite
"Our potential is limitless, let's unleash it and create a new future!",excite
"At this critical moment, let's unite as one and create miracles!",excite
"Now is the time to show our strength, let's display it together!",excite
"Let our determination and perseverance be the driving force, igniting a firm belief in everyone!",excite
"Each of us is a catalyst for change; let's walk hand in hand to create revolutionary progress!",excite
"At this exciting moment, let's exceed expectations and break through our limits!",excite
"Step forward bravely, let's fight for our ideals and strive for our common future!",excite
"Our goals are no longer out of reach; now is the best time to achieve them!",excite
"Let's lead the way with passion and wisdom, walking hand in hand towards a glorious tomorrow!",excite
"Challenges are not obstacles, but the forge that shapes our resilience! Let's overcome them together!",excite
"With determination and perseverance combined, we will achieve extraordinary accomplishments and change history!",excite
"Let's march towards success with firm steps, igniting every step of the way with passion!",excite
"Let our souls resonate, stirring the inner strength in each other to create an extraordinary future!",excite
"Every single person is a crucial link; at this critical moment, we advance hand in hand!",excite
"No matter how difficult the road ahead, let's hold hope in our hearts and persevere!",excite
"Our strength comes from a shared belief; let this power push us forward!",excite
"Challenges are not to be feared; let's meet them with a firm will and surpass ourselves!",excite
"Now is the time to show our potential; let's stride forward and continuously break boundaries!",excite
"Let our actions not only change the world but also inspire others to act!",excite
"Our shared dream is the guiding star that leads us forward; let's keep chasing it!",excite
"Let's unite as one, embrace challenges together, and achieve the extraordinary!",excite
"At this critical moment, we show our determination and courage, fighting for the future!",excite
"Let's ignite our inner passion, spark the flame in everyone's heart, and light the beacon of hope!",excite
"The flame ignited in our hearts will light the path forward; let's follow it!",excite
"Each of us is an agent of change; let's work together to create a huge impact!",excite
"Now is the time to fight for our dreams; let's give it our all to achieve immortal accomplishments!",excite
"Don't fear failure, because our resilience will lead us to success!",excite
"Let's walk hand in hand, go beyond the conventional, and pursue excellence upon excellence!",excite
"Everyone has a responsibility to bring positive change to this world; let's bear it together!",excite
"At this critical moment, let's open our hearts, welcome challenges, and embrace victory!",excite
"The potential we possess is limitless; let's use it to pave the way for the future!",excite
"Let our efforts become a model of courage, inspiring more people to forge ahead!",excite
"Dare to try new things, because that is the key to discovering new possibilities!",excite
"Even if the road is perilous, let's march towards the shore of success with firm resolve!",excite
"Let's create the future together with confidence and perseverance, achieving our common dream!",excite
"Everyone's contribution is part of progress; let's pursue greater achievements together!",excite
"Now is the time to unleash our greatest potential; let's fight for it!",excite
"Our goal is clear, our resolve is firm, let's achieve it together!",excite
"Let our determination inspire our actions and accomplish incredible things!",excite
"No matter how rugged the road ahead, our passion will lead us to conquer all difficulties!",excite
"Now is the time to move forward; let's meet the challenges and show our true strength!",excite
"Let's constantly challenge ourselves, transcend the status quo, and create a better tomorrow!",excite
"In this exciting journey, let's inspire each other and grow together!",excite
"Let's join hands for our ideals and bravely break the chains!",excite
"Everyone's passion is a driving force; let it surge!",excite
"Having a dream is important, but taking action is more important; let's get moving!",excite
"At this critical moment, let's show the world our infinite potential!",excite
"Challenges are opportunities to become stronger; let's embrace them!",excite
"Our goal is a star hanging high in the sky; let's chase it together!",excite
"This is the era of the brave; let's become the miracle of change together!",excite
"In this moment full of hope, let's lead each other forward!",excite
"No matter how tough the difficulties, we have the courage to overcome them!",excite
"Every challenge is an opportunity for growth; let's accept it!",excite
"Let's infuse passion into every step, illuminating the path forward!",excite
"Unity is our most powerful weapon; let's unite as one!",excite
"On the road to chasing our dreams, we move forward together and never give up!",excite
"Bravely step out of your comfort zone and challenge your limits!",excite
"Our beliefs will guide us on the path to success!",excite
"Let's open the gates of progress with courage and hope!",excite
"Today's efforts will be rewarded with tomorrow's achievements; let's work hard together!",excite
"Let's ignite the fire within us and light up the path forward!",excite
"Tenacity is our specialty; let's show it!",excite
"At this critical moment, we are an unstoppable force!",excite
"Our determination will conquer all; let's persevere!",excite
"Success is not the destination, but the motivation to keep moving forward!",excite
"Let's pursue excellence together and constantly break through ourselves!",excite
"The ability to overcome difficulties is our precious asset!",excite
"By bravely facing challenges, we will create miracles!",excite
"Let's create the future with courage and wisdom!",excite
"Everyone is an opportunity for change; let's change together!",excite
"Passion is the energy for our progress; let it fill our hearts!",excite
"Our goal is the stars above; let's fly towards them together!",excite
"In this moment full of hope, let's move forward together and embrace the future!",excite
"Let's open up new possibilities with a positive attitude and firm belief!",excite
"Within our hearts lies an endless power; let it emerge!",excite
"This is a moment to create history; let's write a glorious chapter together!",excite
"Every one of us has the ability to influence the world; let's use it!",excite
"Dare to take risks, because adventure is the beginning of achievement!",excite
"Let's firmly believe that today's efforts will open up a beautiful tomorrow!",excite
"Passion is the key to success; let's move forward with passion!",excite
"Every challenge is an opportunity for growth; let's make good use of it!",excite
"Don't let difficulties hinder our progress; let's persevere to the end!",excite
"Our dreams can change the world; let's chase them together!",excite
"Don't be afraid of failure; failure is the stepping stone to success!",excite
"In this moment full of possibilities, let's embrace the opportunities!",excite
"Bravely cross the difficulties and march towards the shore of victory!",excite
"Our determination will lead us to overcome all challenges!",excite
"Let's unite for a common goal and advance hand in hand!",excite
"Everyone has incredible potential; let's discover it!",excite
"Let's face every challenge with a positive attitude and win the victory!",excite
"Dreams are the driving force of progress; let's pursue our own dreams!",excite
"At this critical moment, let's show our true strength!",excite
"Whatever the wind and rain, let's never stop and forge ahead bravely!",excite
"Our goal is a glorious future; let's achieve it together!",excite
"Passion is like a fire, let's let it burn!",excite
"In this moment full of opportunities, let's press forward bravely!",excite
"Courage and tenacity are the wings for our journey; let's spread them and fly high!",excite
"Our determination is infinite; let's move forward without hesitation!",excite
"In our hearts, there is an endless flame; let it light the way forward!",excite
"Every step is a proof of marching towards success; let's walk on firmly!",excite
"At this critical moment, let's go all out with immense energy!",excite
"Believe in your own abilities, we can create miracles!",excite
"Let's unite for a common goal and conquer challenges together!",excite
"Constantly pursuing excellence is our mission!",excite
"Each of us is a leader of change; let's lead the change!",excite
"Even if we encounter setbacks, we must persevere!",excite
"Let's chase our ideals with infinite passion!",excite
"In this moment full of opportunities, let's seize every chance!",excite
"Everyone's contribution is priceless; let's contribute together!",excite
"Let our passion be the sail that drives us forward!",excite
"Now is the time to unleash our potential; let's show it together!",excite
"Our goal is clear, our resolve is firm, let's march towards it!",excite
"Let our actions ignite the fire of hope, illuminating the path forward!",excite
"Every challenge is a step forward; let's embrace it!",excite
"At this important moment, we strive together to achieve the extraordinary!",excite
"We have limitless potential; let's unleash it!",excite
"Passion is our driving force; let it burn!",excite
"Don't be afraid to pursue your dreams; let's march bravely towards our goals!",excite
"Everyone has the power to change the world; let's unleash it together!",excite
"Even step-by-step progress is the path to success!",excite
"Let our faith be as solid as a rock, unshaken by challenges!",excite
"Our determination will lead us to heights beyond imagination!",excite
"In this moment full of opportunities, let's dare to try!",excite
"Always believe in yourself; your potential is limitless!",excite
"In our hearts, there is a flame that never goes out; let it guide our way forward!",excite
"No matter what we encounter, we must be tenacious and face it bravely!",excite
"Let our actions change the status quo and lead the world!",excite
"Every challenge is an opportunity for growth; let's accept the challenge!",excite
"Passion and perseverance will carry us to the shores of success!",excite
"At this important moment, we work together to shape the future!",excite
"Dare to face change, because change brings new opportunities!",excite
"Let our actions drive change and create a better tomorrow!",excite
"Our shared dream will guide us on the road to success!",excite
"Don't stop exploring, because exploration is the beginning of discovery!",excite
"Let's unite as one and face the challenges of the future together!",excite
"Everyone's effort is a driving force for progress; let's work hard together!",excite
"Believe in your ability; you can create amazing achievements!",excite
"In this moment full of hope, let's forge ahead bravely!",excite
"Passion is as warm as sunshine; let's be filled with it!",excite
"Constantly learn, because learning is the key to progress!",excite
"Dare to take risks, because only through adventure can dreams be realized!",excite
"Let our determination be unaffected by challenges, steadfast and unwavering!",excite
"At this critical moment, let's embrace challenges and achieve the extraordinary!",excite
"Even if the road ahead is hard, we must move forward without hesitation!",excite
"Each of us is a seed of change; let's sow the change!",excite
"Pursuing excellence is our belief; let's pursue it together!",excite
"The passion buried in our hearts will lead us forward!",excite
"Always believe in your own ability; you have limitless potential!",excite
"In this moment full of opportunities, let's innovate boldly!",excite
"Success is not accidental; it is the result of perseverance!",excite
"Let's pursue our dreams with a firm will and realize our ideals!",excite
"At this critical moment, let's bravely meet the challenges!",excite
"Passion is like a fire, let it burn in our hearts!",excite
"Every brave decision is the first step forward; let's take it bravely!",excite
"The passion ignited within us will illuminate the path forward!",excite
"Let's hold on to our beliefs and bravely pursue excellence!",excite
"Even if the road is rough, let's move forward without hesitation!",excite
"Everyone has the power to change the world; let's activate it together!",excite
"Challenges are opportunities for growth; let's accept them and constantly surpass ourselves!",excite
"A firm will will lead us through the dense fog of difficulties!",excite
"At this critical moment, let's show our unwavering resolve!",excite
"Inject our dreams into action and make them come true!",excite
"Passion is like sunshine; let's bring warmth to everyone!",excite
"No matter how great the difficulty, let's persevere for our goal!",excite
"Every challenge is a key to success; let's embrace it!",excite
"A common goal brings us together; let's advance hand in hand!",excite
"Believe in your own ability; you have infinite possibilities!",excite
"In this moment full of opportunities, let's be full of anticipation!",excite
"Passion is like a tide, surging endlessly, pushing us forward!",excite
"Courage comes from challenges; let's meet them and achieve the extraordinary!",excite
"Everyone has the power to contribute; let's work together!",excite
"Believe in your inner strength; you can achieve any goal!",excite
"At this important moment, let's create history together!",excite
"The spirit of never giving up is the key to success; let's persevere to the end!",excite
"Let our actions change the status quo and lead the future!",excite
"In this moment full of hope, let's give it our all!",excite
"Courage and perseverance are our driving force; let them guide us!",excite
"Every adversity is an opportunity for growth; let's learn from it!",excite
"Passion is like fire, illuminating our path forward!",excite
"At this critical moment, let's forge ahead bravely!",excite
"Even if the road ahead is rough, let's never be discouraged!",excite
"Every step is a stepping stone forward; let's take it firmly!",excite
"The flame in our hearts will lead us to the shores of success!",excite
"Adversity tempers our will; let's keep improving!",excite
"Even if there is only a glimmer of hope, we must pursue it relentlessly!",excite
"A common goal unites us; let's move forward together!",excite
"At this critical moment, let's face challenges with firm resolve!",excite
"Every attempt is a step towards excellence; let's keep trying!",excite
"Always maintain faith, and success will no longer be out of reach!",excite
"Perseverance is the key to realizing our dreams; let's never give up!",excite
"In this moment full of potential, let's be full of passion!",excite
"Our passion is like the sun, comforting every soul!",excite
"Even if the future is unknown, let's forge ahead bravely!",excite
"Let's learn in every challenge and keep moving forward!",excite
"Believing in our potential can break through any difficulty!",excite
"Whatever the wind and rain, let's chase our dreams steadfastly!",excite
"Everyone has the ability to influence the world; let's take action!",excite
"Success is not accidental; it is the result of continuous effort!",excite
"The passion ignited in our hearts will drive us forward!",excite
"Even a small change can have a huge impact!",excite
"A positive attitude is the key to overcoming challenges!",excite
"By bravely facing difficulties, we will grow stronger!",excite
"At this important moment, let's open our hearts and forge ahead!",excite
"Believe in your ability; you can create amazing achievements!",excite
"Tenacity and perseverance are the necessary path to success!",excite
"Don't be discouraged by failure; failure is a trial on the road to success!",excite
"Every step is a crucial key to success!",excite
"In this moment full of opportunities, let's throw ourselves into it completely!",excite
"Passion is like a fire, igniting the dreams in our hearts!",excite
"Challenges are opportunities for growth; let's face them with a positive mindset!",excite
"Everyone has their own unique contribution; let's work together!",excite
"Persisting through difficulties will bring us greater achievements!",excite
"Our dream is our guiding light forward!",excite
"Even if the road is rough, we must forge ahead bravely!",excite
"Passion is like sunshine, illuminating our future!",excite
"At this critical moment, let's embrace change and welcome challenges!",excite
"Never giving up is one of the secrets to success!",excite
"Every one of us has the power to change the world; let's use it!",excite
"Believe in your dreams; they are worth pursuing!",excite
"Even small progress is a step towards success!",excite
"In this moment full of opportunities, let's dare to take risks!",excite
"Believe in your ability; you will achieve amazing results!",excite
"Don't stop; let's continue to move forward!",excite
"Every new day is a chance for a fresh start; let's seize it!",excite
"Passion is like a tide, surging in our souls, pushing us forward!",excite
"Believe in your own power; you will achieve amazing things!",excite
"In this moment full of opportunities, let's summon our courage and move forward bravely!",excite
"Holding onto our beliefs is the key to climbing the peak of success; let's persist to the end!",excite
"Even if we fail for a moment, we must believe that the dawn of success is coming!",excite
"Always believe in yourself; your potential is limitless!",excite
"At this important moment, let's show our truest selves!",excite
"Every challenge is a trial of life; let's face it with strength!",excite
"Passion is like a flame, illuminating our future!",excite
"No matter how hard the road ahead, let's always maintain hope!",excite
"At this important moment, let's be grateful and welcome the future!",excite
"Every effort is a seed of growth; let's sow it!",excite
"Each of us is an opportunity for change; let's change together!",excite
"A shared dream brings us together; let's walk hand in hand!",excite
"In this moment full of hope, let's take a brave step!",excite
"Passion is our driving force; let's be filled with it!",excite
"No matter how rough the waves, we must sail bravely!",excite
"The flame ignited within us will light the way forward!",excite
"With firm belief and tenacity, success is just ahead!",excite
"In this moment full of opportunities, let's embrace the challenges!",excite
"Everyone has the power to influence the world; let's use it!",excite
"A firm will is our driving force; let's forge ahead bravely!",excite
"Every small step is the beginning of success!",excite
"Passion is like sunshine, illuminating our future!",excite
"At this critical moment, let's bravely chase our dreams!",excite
"Even with great difficulties, we must forge ahead bravely!",excite
"Constantly learn, constantly grow, and become a better version of yourself!",excite
"In this moment full of opportunities, let's unleash our greatest potential!",excite
"Every pursuit is worth cherishing, for they are all forces moving forward!",excite
"Perseverance is the key to achieving our goals!",excite
"Believe in your ability; you will surpass heights imaginable!",excite
"Even if you encounter setbacks, you must adhere to the principle of your dreams!",excite
"In this moment full of possibilities, let's open our hearts!",excite
"Passion is like a spark, illuminating our path forward!",excite
"Every challenge is an opportunity for growth; let's face it bravely!",excite
"A firm belief will lead us to overcome all difficulties!",excite
"At this critical moment, let's summon our courage and march forward!",excite
"Turning dreams into reality requires unwavering determination!",excite
"Passion is our driving force; let it inspire us!",excite
"Constantly improve, because progress is the key to success!",excite
"Every step is a precious stepping stone towards our ideals!",excite
"Perseverance is one of the shortcuts to achieving goals!",excite
"Our actions will change the trajectory of the future!",excite
"Believe in your ability; you have limitless potential!",excite
"At this important moment, let's move forward with hope!",excite
"Passion is the driving force of the soul; let it fill us!",excite
"Every challenge is an opportunity to break through ourselves!",excite
"Perseverant efforts will lead us to achieve our goals!",excite
"At this critical moment, let's devote ourselves wholeheartedly!",excite
"Dreams are the driving force of progress; let them guide us!",excite
"Passion is like a burning flame, let it continue to light the way forward!",excite
"Even with great difficulties, we must persist in chasing the dreams in our hearts!",excite
"Every step is a proof of moving forward; let's walk forward firmly!",excite
"The passion ignited within us will drive us forward!",excite
"Challenges make us more resilient, more determined!",excite
"At this important moment, let's fight for the future together!",excite
"Always maintain confidence, and success will soon be ours!",excite
"Every process of struggle is an opportunity for growth; let's welcome it gladly!",excite
"Firm determination is our strength to overcome adversity!",excite
"Believe in your ability; you will have infinite possibilities!",excite
"Even if the road ahead is rough, we must forge ahead and pursue relentlessly!",excite
"In this moment full of possibilities, let's be full of hope!",excite
"Passion is our engine for progress; let it push us!",excite
"Challenges are catalysts for growth; let's face them positively!",excite
"A firm belief can overcome all difficulties!",excite
"At this critical moment, let's unleash our greatest potential!",excite
"Turning dreams into reality requires tough perseverance!",excite
"Passion is like a fire, let it continue to burn in our hearts!",excite
"Continuous progress is the key to success!",excite
"Every step is an important step towards success!",excite
"In this moment full of opportunities, let's seize every chance!",excite
"Perseverance is a necessary condition for achieving goals!",excite
"Our actions will change the destiny of the future!",excite
"At this important moment, let's move forward full of hope!",excite
"Passion is our driving force; let it fill us!",excite
"Every challenge is an opportunity to break through our own limits!",excite
"At this critical moment, let's give our all wholeheartedly!",excite
"Dreams are the driving force of progress; let them guide our direction!",excite
"Passion is like a burning flame, continuously illuminating the path forward!",excite
"Every step is a proof of progress; let's step forward firmly!",excite
"Always believe that every effort will bring us greater achievements!",excite
"In every challenge, there is unlimited potential and learning!",excite
"Don't give up because of failure; every failure is a companion to success!",excite
"A firm belief can calm any waves brought by adversity!",excite
"Even a little progress is the motivation and proof of moving forward!",excite
"In this moment full of opportunities, let's strive to realize our ideals!",excite
"Passion is the driving force of our struggle; let it burn fiercely in our hearts!",excite
"Bravely face challenges, because every challenge is an opportunity for growth!",excite
"A firm belief is a good companion for climbing the peak of success!",excite
"At this critical moment, let's be single-minded and give it our all!",excite
"Turn your dreams into goals, and then work hard to achieve them!",excite
"Passion is like the sun, warming every footstep we take forward!",excite
"Constantly improve, because progress is the key to realizing dreams!",excite
"Every step is a precious experience on the road to success!",excite
"In this moment full of opportunities, let's be full of hope and confidence!",excite
"Perseverance is one of the keys to success!",excite
"Our actions will shape the outline of the future!",excite
"At this important moment, let's always move forward with hope!",excite
"Passion is our driving force; let it fill our daily lives!",excite
"Every challenge is an opportunity to surpass ourselves!",excite
"At this critical moment, let's give it our all!",excite
"Dreams are the driving force of progress; let them lead us on the road to success!",excite
"Passion is like a fire, illuminating our path forward!",excite
"Even if the road is rough, we must move forward firmly and pursue relentlessly!",excite
"The passion ignited in our hearts will drive us forward!",excite
"Challenges make us more tenacious, more determined!",excite
"Let's meet every challenge with a positive attitude, because they forge us to be stronger!",excite
"Hold on to your dreams, even if reality is difficult, because persistence is the prerequisite for success!",excite
"On the road to success, perseverance is more important than talent!",excite
"Passion is like an eternal flame, illuminating our future!",excite
"Challenges are opportunities to discover potential; let's embrace them!",excite
"A firm belief will help us overcome any difficult obstacles!",excite
"At this critical moment, let's spare no effort to go all out!",excite
"Dreams are the compass of our soul, guiding us to the path of success!",excite
"Passion is like sunshine, warming the hearts of each of us!",excite
"Even when facing challenges, we must move forward bravely and firmly!",excite
"Every step is a precious experience on the road to success; let's cherish and learn from it!",excite
"In this moment full of opportunities, let's march towards the future with full confidence!",excite
"Perseverance is an essential quality for achieving goals!",excite
"Our actions will shape the landscape of the future; let's work hard and move forward!",excite
"Believe in your ability; you have infinite potential!",excite
"At this important moment, let's pursue relentlessly with hope!",excite
"Passion is our energy for progress; let it inspire each of us!",excite
"Every challenge is an opportunity to surpass ourselves!",excite
"At this critical moment, let's work together to create the future!",excite
"Every process of overcoming difficulties is a precious experience of self-growth!",excite
"Don't doubt yourself because the road ahead is rough, because our tenacity will overcome everything!",excite
"Persisting to the end is the only way to win; let's march forward firmly!",excite
"Passion is like starlight, illuminating our path forward!",excite
"Challenges are the engine of progress; face them bravely!",excite
"A firm belief will help us overcome any challenge!",excite
"At this critical moment, let's forge ahead and fight for our goals!",excite
"Dreams are the compass of our soul, guiding us forward!",excite
"Passion is like sunshine, warming our daily lives!",excite
"Even in the face of adversity, we must not shrink back, but forge ahead bravely!",excite
"In this moment full of opportunities, let's work together to realize our dreams!",excite
"Perseverance is the key to achieving goals!",excite
"Our actions will shape the face of the future; let's keep moving forward!",excite
"At this important moment, let's steadfastly pursue the light!",excite
"Passion is our driving force; let it burn in our hearts!",excite
"At this critical moment, let's unite as one and create the future together!",excite
"Let's sing and march forward together, embracing this infinite passion, and let everyone be filled with power!",excite
"This venue is not just a place, but the source of our ignited passion; let's join hands and run forward together!",excite
"Let this meeting be a reflection of the surging emotions in our hearts; let's embrace every opportunity with passion!",excite
"At this heart-shaking moment, let's burst forth with high energy together, letting everyone be deeply moved by this passion!",excite
"At this powerful moment, let our passion burn fiercely like fire, passing this fervor to everyone present!",excite
"Let our passion and excitement become the resonance and source of motivation in the heart of everyone present!",excite
"At this gathering, let our high spirits surge like waves, letting everyone present feel this energy!",excite
"Let our passion burn the earth, like the scorching sun, warming and inspiring every dear friend!",excite
"On this occasion, our passion and courage will inspire amazing power; let's embark on this exciting journey together!",excite
"Let our passionate mood burn like a fierce fire, igniting the hope and courage in the hearts of everyone present!",excite
"On this occasion, let our passion be like fire, inspiring each other and walking towards victory together!",excite
"Let our passion create a tidal wave, immersing everyone in the audience!",excite
"Let this feeling of excitement and passion become the driving force for everyone, showing our light together!",excite
"In this moment, let our passion be like a fierce fire, burning in the heart of everyone present!",excite
"Let our souls thunder and surge, turning this venue upside down together!",excite
"Let our passion pour in like a flood, infecting the heart of every listener!",excite
"Let's create an ocean of passion together, letting everyone feel this energy deeply!",excite
"At this event, let the atmosphere of our passion inspire everyone, driving us forward together!",excite
"Let our passion shine like the sun, warming and illuminating the soul of everyone present!",excite
"Let this powerful feeling of excitement envelop us, facing future challenges together!",excite
"At this moment, our passion surges like a fierce fire, inspiring unprecedented power!",excite
"Let our passion and determination form a huge torrent, infecting every member of the audience!",excite
"Let our passion fill this space, illuminating everyone's future!",excite
"On this vibrant occasion, let our passion become the main theme of the whole event!",excite
"Let our passion bloom on this occasion, igniting the soul of everyone present!",excite
"Let our passionate energy sweep like a storm, inspiring every participant!",excite
"At this grand event, let our passion burn like a fierce fire, driving us forward!",excite
"Let this excitement and inspiration permeate this speech, touching the heart of every listener!",excite
"Let our passion rise like a hot air balloon, reaching higher realms!",excite
"In this energetic moment, let our passion surge, sharing this motivation with everyone!",excite
"Let our passion be as unrestrained as music, letting everyone immerse themselves in this melody!",excite
"On this occasion, let our passion flow like a waterfall, shaking every heart!",excite
"Let our passion be as hot as the sun, warming everyone present!",excite
"At this event, let our passion become an encouragement, inspiring everyone to succeed!",excite
"Let our passion be as powerful as a storm, shaking the soul of every listener!",excite
"In this energetic moment, let our passion become the resonance of all hearts!",excite
"Let our passion be like a burning flame, illuminating the future of everyone present!",excite
"Let our passion become an invisible force, inspiring every participant!",excite
"At this grand event, let our passion be as turbulent as a rushing river, inspiring everyone!",excite
"Let our passion be as moving as music, exciting everyone in the audience to their core!",excite
"On this occasion, let our passion be as brilliant as fireworks, illuminating everyone's soul!",excite
"Let our passion become an energy, infecting every participant, driving us to forge ahead!",excite
"In this vibrant moment, let our passion be as hot as a fierce fire, inspiring",excite
"Let our passion be like a rushing torrent, full of power and breaking all obstacles!",excite
"At this grand event, let our passion be like a brilliant flame, illuminating everyone's future!",excite
"Let our passion become the light that illuminates the darkness, bringing strength and hope to everyone present!",excite
"At this special moment, let our passion be like unrestrained music, shaking everyone's soul!",excite
"Let our passion become a fiery storm, leading us to chase our dreams together!",excite
"In this challenging moment, let our passion be like an undying flame, burning in everyone's heart!",excite
"Let our passion be like the dawn's light, parting the darkness and illuminating the way forward!",excite
"Let our passion be as brilliant as the sunrise, bringing new hope and infinite possibilities!",excite
"At this special moment, let our passion be full of power, inspiring every heart!",excite
"Let our passion be like the surging waves of the sea, constantly moving forward, transcending all boundaries!",excite
"Let our passion shine like the stars, illuminating the beauty in everyone's heart!",excite
"At this exciting moment, let our passion fly freely like the wind!",excite
"Let our passion be like a burning flame, illuminating the path forward in the darkness!",excite
"On this vibrant occasion, let our passion become the engine that pushes us forward!",excite
"Let our passion be like the morning sun, bringing warmth and hope to everyone!",excite
"At this important moment, let our passion be as moving as music!",excite
"Let our passion be like a fierce fire, burning in the hearts of everyone present!",excite
"In this energetic moment, let our passion soar freely like a flying eagle!",excite
"Let our passion become an indispensable driving force in life, inspiring us to move forward!",excite
"At this exciting grand event, let our passion fill the hearts of everyone!",excite
"Let our passion be as vast as the sea, full of infinite possibilities!",excite
"In this vibrant moment, let our passion rise to great heights like a hot air balloon!",excite
"Let our passion be like a burning torch, igniting the hearts of everyone!",excite
"At this exciting moment, let our passion be as brilliant and colorful as a rainbow!",excite
"Let our passion be as strong as a gust of wind, constantly pushing us forward!",excite
"At this vibrant gathering, let our passion become the motivation that inspires us!",excite
"Let our passion be as warm as the morning sun, comforting every soul!",excite
"At this exciting moment, let our passion shine as brightly as the stars!",excite
"Let our passion be like a scorching flame, igniting everyone's courage!",excite
"On this vibrant occasion, let our passion become the bond that connects us!",excite
"Let our passion be like a rushing river, nourishing every heartland!",excite
"In this energetic moment, let our passion fly to the sky like a hot air balloon!",excite
"Let our passion be like a roaring lion, burning with the desire in everyone's heart!",excite
"At this exciting moment, let our passion be like a swift rocket, rising into the sky!",excite
"Let our passion be like splendid fireworks, dazzling and shining, lighting up every soul!",excite
"At this exciting moment, let our passion be like a brave warrior, fearless and moving forward!",excite
"Let our passion be as tumultuous as a storm, overturning all obstacles!",excite
"On this vibrant occasion, let our passion be as gentle as the wind, yet omnipresent!",excite
"Let our passion be like a burning volcano, erupting with the energy in everyone's heart!",excite
"In this energetic moment, let our passion shine with beautiful wishes like a shooting star!",excite
"Let our passion be like a rushing river, nourishing every piece of land, every heart!",excite
"At this exciting gathering, let our passion become the torch in everyone's heart!",excite
"Let our passion be like an inextinguishable flame, guiding us forward!",excite
"In this vibrant moment, let our passion be as brilliant as the aurora borealis, shining with moving beauty!",excite
"Let our passion be like the shining stars in the night sky, forever illuminating the path forward!",excite
"At this exciting grand event, let our passion be like a boiling volcano, emitting immense heat!",excite
"Let our passion be like a vigorously growing green tree, bringing vitality to life!",excite
"In this energetic moment, let our passion be as brilliant as the sun, illuminating the entire venue!",excite
"Let our passion be like a turbulent river, forging ahead, never stopping!",excite
"At this vibrant event, let our passion be like a scorching flame, inspiring people!",excite
"Let our passion be like the pulse of the earth, full of power and vitality!",excite
"At this exciting moment, let our passion surge endlessly like the unceasing wind!",excite
"Let our passion be like a burning locomotive, driving us forward!",excite
"On this energetic occasion, let our passion be like a majestic wave, inspiring everyone!",excite
"Let our passion be like a brave warrior, moving steadfastly towards the goal!",excite
"At this vibrant grand event, let our passion be like a burning furnace, forging dreams!",excite
"Let our passion be like an eagle soaring through the sky, lifting everyone's dreams!",excite
"In this energetic moment, let our passion roar like thunder, shaking every listener at the scene!",excite
"Let our passion be like a burning rocket, streaking across the sky, inspiring everyone's heart!",excite
"In this challenging moment, let our passion be like the scorching sun, illuminating the path forward!",excite
"Let our passion be like a storm, stirring up full power, pushing us forward!",excite
"At this important gathering, let our passion be like a surging tide, sweeping over every listener!",excite
"Let our passion be like a roaring lion, full of power, conveying infinite courage!",excite
"In this energetic moment, let our passion be like a burning fire, illuminating everyone's heart!",excite
"Let our passion be like a surging flood, overflowing with infinite motivation and determination!",excite
"At this passionate moment, let our passion be like a wildly dancing melody, shaking every heart!",excite
"At this vibrant grand event, let our passion be like a volcanic eruption, transmitting endless energy!",excite
"Let our passion be like a speeding train, crossing challenges, advancing towards success!",excite
"In this energetic moment, let our passion be like a raging storm, leading everyone forward!",excite
"Let our passion be like the scorching sun, warming every cold heart!",excite
"In this challenging moment, let our passion be like a scorching flame, burning endlessly!",excite
"Let our passion be as fierce as a storm, inspiring and stimulating infinite vitality!",excite
"At this important gathering, let our passion be like a rising giant wave, stunning the world!",excite
"Let our passion be like an invincible warrior, bravely advancing, conquering all challenges!",excite
"In this energetic moment, let our passion be like a peal of thunder, shaking everyone's soul!",excite
"Let our passion be like a surging waterfall, rushing down, full of determination and power!",excite